"Language","glotto","Source"
"Erzya Mordvin","erzy1239","IDS"
"Estonian","esto1258","IDS"
"Finnish","finn1318","IDS"
"Khanty","khan1273","IDS"
"Komi","komi1268","IDS"
"Northern Saami","nort2671","IDS"
"Mansi","mans1258","IDS"
"Mari","east2328","IDS"
"Nenets","nene1249","IDS"
"Selkup","selk1253","IDS"
"Udmurt","udmu1245","IDS"
"Panare","enap1235","IDS"
"Macushi","macu1259","IDS"
"Wai Wai","waiw1244","IDS"
"Spanish","stan1288","IDS"
"Breton","bret1244","IDS"
"Yiddish","east2295","IDS"
"Bulgarian","bulg1262","IDS"
"Serbo-Croatian","sout1528","IDS"
"Russian","russ1263","IDS"
"Albanian (Tosk variety)","tosk1239","IDS"
"Armenian (Eastern variety)","east2283","IDS"
"Armenian (Western variety)","west2348","IDS"
"Tocharian A","tokh1242","IDS"
"Tocharian B","tokh1243","IDS"
"Romani","vlax1238","IDS"
"Persian","west2369","IDS"
"Elamite","elam1244","IDS"
"Negerhollands","nege1244","IDS"
"Basque","basq1248","IDS"
"Polci","polc1243","IDS"
"Nahuatl (Sierra de Zacapoaxtla variety)","high1278","IDS"
"Chatino (Zacatepec variety)","zaca1242","IDS"
"Karok","karo1304","IDS"
"Seri","seri1257","IDS"
"Zuni","zuni1245","IDS"
"Northern Haida","nort2938","IDS"
"Tsimshian","nucl1649","IDS"
"Nuu-chah-nulth","nuuc1236","IDS"
"Hawaiian","hawa1245","IDS"
"Maori","maor1246","IDS"
"Rapa Nui","rapa1244","IDS"
"Rotuman","rotu1241","IDS"
"Tuamotuan","tuam1242","IDS"
"Páez","paez1247","IDS"
"Cayapa","chac1249","IDS"
"Colorado","colo1256","IDS"
"Embera","nort2972","IDS"
"Epena","epen1239","IDS"
"Puinave","puin1248","IDS"
"Yuwana","yuwa1244","IDS"
"Yaruro","pume1238","IDS"
"Ninam (Shirishana variety)","nina1238","IDS"
"Yanomámi","yano1262","IDS"
"Cofán","cofa1242","IDS"
"Waorani","waor1240","IDS"
"Siona","sion1247","IDS"
"Tuyuca","tuyu1244","IDS"
"Aguaruna","agua1253","IDS"
"Yagua","yagu1244","IDS"
"Goajiro","wayu1243","IDS"
"Ignaciano","igna1246","IDS"
"Mashco Piro","mash1270","IDS"
"Trinitario","trin1274","IDS"
"Wapishana","wapi1253","IDS"
"Waurá","waur1244","IDS"
"Yavitero","yavi1244","IDS"
"Aymara","cent2142","IDS"
"Chipaya","chip1262","IDS"
"Mosetén","mose1249","IDS"
"Araona","arao1248","IDS"
"Cavineña","cavi1250","IDS"
"Ese Ejja","esee1248","IDS"
"Tacana","taca1256","IDS"
"Catuquina","pano1254","IDS"
"Chácobo","chac1251","IDS"
"Shipibo-Conibo","ship1254","IDS"
"Yaminahua","yami1256","IDS"
"Cayuvava","cayu1262","IDS"
"Itonama","iton1250","IDS"
"Movima","movi1243","IDS"
"Aché","ache1246","IDS"
"Chiriguano","east2555","IDS"
"Guaraní","para1311","IDS"
"Sirionó","siri1273","IDS"
"Wayampi","waya1270","IDS"
"Kaingáng","kain1272","IDS"
"Trumai","trum1247","IDS"
"Ayoreo","ayor1240","IDS"
"Sanapaná (Angaité dialect)","anga1295","IDS"
"Sanapaná (Enlhet dialect)","sana1281","IDS"
"Lengua","leng1262","IDS"
"Mocoví","moco1246","IDS"
"Pilagá","pila1245","IDS"
"Chorote","iyoj1235","IDS"
"Maca","maca1260","IDS"
"Nivaclé","niva1238","IDS"
"Kunza","kunz1244","IDS"
"Tehuelche","tehu1242","IDS"
"Selknam","onaa1245","IDS"
"Gününa Küne","puel1244","IDS"
"Qawasqar","qawa1238","IDS"
"Toba","toba1269","IDS"
"Yagán","yama1264","IDS"
"Southern Tai (Songkhla variety)","sout2746","IDS"
"Thai (Korat variety)","sout2745","IDS"
"Khamuang (Chiang Mai variety)","nort2740","IDS"
"Dehong","tain1252","IDS"
"Tai Lü","luuu1242","IDS"
"Tai Khün","khun1259","IDS"
"Shan (Northern Shan dialect)","shan1277","IDS"
"Nung-Lazhai","guib1244","IDS"
"Nung-Ninbei","nung1283","IDS"
"Zhuang-Longzhou","zuoj1238","IDS"
"Sui","suii1243","IDS"
"Lakkia","lakk1238","IDS"
"Hlai (Baoting variety)","hlai1239","IDS"
"Langja Buyang","emab1235","IDS"
"Ecun Buyang","lang1316","IDS"
"Sanchong Kelao","gree1278","IDS"
"Qau Kelao","qaua1234","IDS"
"Bengali","beng1280","IDS"
"Hindi","hind1269","IDS"
"Mahasu Pahari (Kotghari dialect)","maha1287","IDS"
"Marathi","mara1378","IDS"
"Nepali","east1436","IDS"
"Punjabi","west2386","IDS"
"Tamil","tami1289","IDS"
"Telugu","telu1262","IDS"
"Tibetan","tibe1272","IDS"
"Archi","arch1244","WOLD"
"Bezhta","bezh1248","WOLD"
"Ceq Wong","chew1245","WOLD"
"Dutch","dutc1256","WOLD"
"English","stan1293","WOLD"
"Gawwada","gaww1239","WOLD"
"Gurindji","guri1247","WOLD"
"Hausa","haus1257","WOLD"
"Hawaiian","hawa1245","WOLD"
"Hup","hupd1244","WOLD"
"Imbabura Quechua","imba1240","WOLD"
"Indonesian","indo1316","WOLD"
"Iraqw","iraq1241","WOLD"
"Japanese","nucl1643","WOLD"
"Kanuri","cent2050","WOLD"
"Kali'na","gali1262","WOLD"
"Ket","kett1243","WOLD"
"Kildin Saami","kild1236","WOLD"
"Lower Sorbian","lowe1385","WOLD"
"Malagasy","plat1254","WOLD"
"Manange","mana1288","WOLD"
"Mapudungun","mapu1245","WOLD"
"Mandarin Chinese","mand1415","WOLD"
"Old High German","oldh1241","WOLD"
"Oroqen","oroq1238","WOLD"
"Otomi","mezq1235","WOLD"
"Q'eqchi'","kekc1242","WOLD"
"Romanian","roma1327","WOLD"
"Sakha","yaku1245","WOLD"
"Saramaccan","sara1340","WOLD"
"Selice Romani","west2376","WOLD"
"Swahili","swah1253","WOLD"
"Tarifiyt Berber","tari1263","WOLD"
"Thai","thai1261","WOLD"
"Takia","taki1248","WOLD"
"Vietnamese","viet1252","WOLD"
"White Hmong","hmon1333","WOLD"
"Wichí","wich1264","WOLD"
"Yaqui","yaqu1251","WOLD"
"Zinacantán Tzotzil","tzot1259","WOLD"
"Khasi","khas1269","Sprakbanken"
"Nepali","nepa1252","Sprakbanken"
"Punjabi","panj1256","Sprakbanken"
"English","stan1293","XX"
"Selice Romani","west2376","XX"
"Tarifiyt Berber","tari1263","XX"
